"ID","펫","소속","등급","터치 ×","자동 ×","속도 ×","탑승 속도 +%","판매 별가루","최초 발견 별가루","종별 원본 크기","능력 산정 알 HP"
"0","풀빛 새싹콩","이전 도감 · 풀숲","C","1.15","1","1","0","1","1","0.45","12"
"1","풀빛 달토리","이전 도감 · 풀숲","C","1","1","1.060847507","0.6084750707","1","1","0.45","12"
"2","풀빛 별꼬리","이전 도감 · 풀숲","C","1","1.15","1","0","1","1","0.45","12"
"3","풀빛 여우콩","이전 도감 · 풀숲","B","1.1625","1","1","0","2","1","0.7","13"
"4","풀빛 고양콩","이전 도감 · 풀숲","B","1","1","1.065554205","0.6555420536","2","1","0.7","13"
"5","풀빛 곰구리","이전 도감 · 풀숲","A","1","1.175","1","0","5","2","1.05","14"
"6","풀빛 물방울","이전 도감 · 풀숲","A","1.175","1","1","0","5","2","1.05","14"
"7","풀빛 버섯몽","이전 도감 · 풀숲","S","1","1","1.079376489","0.7937648854","10","5","1.65","16"
"8","풀빛 꿀벌콩","이전 도감 · 풀숲","SS","1","1.225","1","0","22","10","2.4","18"
"9","풀빛 아기새","이전 도감 · 풀숲","SSS","1.2625","1","1","0","50","25","3.4","21"
"10","이슬 새싹콩","이전 도감 · 풀숲","C","1.15","1","1","0","1","1","0.45","12"
"11","이슬 달토리","이전 도감 · 풀숲","B","1","1","1.065554205","0.6555420536","2","1","0.7","13"
"12","이슬 별꼬리","이전 도감 · 풀숲","A","1","1.175","1","0","5","2","1.05","14"
"13","이슬 여우콩","이전 도감 · 풀숲","S","1.2","1","1","0","10","5","1.65","16"
"14","이슬 고양콩","이전 도감 · 풀숲","S","1","1","1.079376489","0.7937648854","10","5","1.65","16"
"15","이슬 곰구리","이전 도감 · 풀숲","SS","1","1.225","1","0","22","10","2.4","18"
"16","이슬 물방울","이전 도감 · 풀숲","SS","1.225","1","1","0","22","10","2.4","18"
"17","이슬 버섯몽","이전 도감 · 풀숲","SSS","1","1","1.101481","1.014809998","50","25","3.4","21"
"18","이슬 꿀벌콩","이전 도감 · 풀숲","SSS","1","1.2625","1","0","50","25","3.4","21"
"19","이슬 아기새","이전 도감 · 풀숲","Secret","1.3","1","1","0","150","100","4.5","24"
"20","버섯 새싹콩","이전 도감 · 버섯숲","C","2.75","1","1","0","2","2","0.45","140"
"21","버섯 달토리","이전 도감 · 버섯숲","C","1","1","1.440415986","4.404159858","2","2","0.45","140"
"22","버섯 별꼬리","이전 도감 · 버섯숲","C","1","2.75","1","0","2","2","0.45","140"
"23","버섯 여우콩","이전 도감 · 버섯숲","B","3.8","1","1","0","4","2","0.7","224"
"24","버섯 고양콩","이전 도감 · 버섯숲","B","1","1","1.581213208","5.812132078","4","2","0.7","224"
"25","버섯 곰구리","이전 도감 · 버섯숲","A","1","4.85","1","0","10","4","1.05","308"
"26","버섯 물방울","이전 도감 · 버섯숲","A","4.85","1","1","0","10","4","1.05","308"
"27","버섯 버섯몽","이전 도감 · 버섯숲","S","1","1","1.772752753","7.72752753","20","10","1.65","392"
"28","버섯 꿀벌콩","이전 도감 · 버섯숲","SS","1","6.95","1","0","44","20","2.4","476"
"29","버섯 아기새","이전 도감 · 버섯숲","SSS","8","1","1","0","100","50","3.4","560"
"30","포자 새싹콩","이전 도감 · 버섯숲","C","2.75","1","1","0","2","2","0.45","140"
"31","포자 달토리","이전 도감 · 버섯숲","B","1","1","1.581213208","5.812132078","4","2","0.7","224"
"32","포자 별꼬리","이전 도감 · 버섯숲","A","1","4.85","1","0","10","4","1.05","308"
"33","포자 여우콩","이전 도감 · 버섯숲","S","5.9","1","1","0","20","10","1.65","392"
"34","포자 고양콩","이전 도감 · 버섯숲","S","1","1","1.772752753","7.72752753","20","10","1.65","392"
"35","포자 곰구리","이전 도감 · 버섯숲","SS","1","6.95","1","0","44","20","2.4","476"
"36","포자 물방울","이전 도감 · 버섯숲","SS","6.95","1","1","0","44","20","2.4","476"
"37","포자 버섯몽","이전 도감 · 버섯숲","SSS","1","1","1.905316796","9.053167963","100","50","3.4","560"
"38","포자 꿀벌콩","이전 도감 · 버섯숲","SSS","1","8","1","0","100","50","3.4","560"
"39","포자 아기새","이전 도감 · 버섯숲","Secret","9.05","1","1","0","300","200","4.5","644"
"40","수정 새싹콩","이전 도감 · 수정동굴","C","14.125","1","1","0","3","3","0.45","1050"
"41","수정 달토리","이전 도감 · 수정동굴","C","1","1","2.15282406","11.5282406","3","3","0.45","1050"
"42","수정 별꼬리","이전 도감 · 수정동굴","C","1","14.125","1","0","3","3","0.45","1050"
"43","수정 여우콩","이전 도감 · 수정동굴","B","22","1","1","0","6","3","0.7","1680"
"44","수정 고양콩","이전 도감 · 수정동굴","B","1","1","2.345732782","13.45732782","6","3","0.7","1680"
"45","수정 곰구리","이전 도감 · 수정동굴","A","1","29.875","1","0","15","6","1.05","2310"
"46","수정 물방울","이전 도감 · 수정동굴","A","29.875","1","1","0","15","6","1.05","2310"
"47","수정 버섯몽","이전 도감 · 수정동굴","S","1","1","2.580805265","15.80805265","30","15","1.65","2940"
"48","수정 꿀벌콩","이전 도감 · 수정동굴","SS","1","45.625","1","0","66","30","2.4","3570"
"49","수정 아기새","이전 도감 · 수정동굴","SSS","53.5","1","1","0","150","75","3.4","4200"
"50","서리 새싹콩","이전 도감 · 수정동굴","C","14.125","1","1","0","3","3","0.45","1050"
"51","서리 달토리","이전 도감 · 수정동굴","B","1","1","2.345732782","13.45732782","6","3","0.7","1680"
"52","서리 별꼬리","이전 도감 · 수정동굴","A","1","29.875","1","0","15","6","1.05","2310"
"53","서리 여우콩","이전 도감 · 수정동굴","S","37.75","1","1","0","30","15","1.65","2940"
"54","서리 고양콩","이전 도감 · 수정동굴","S","1","1","2.580805265","15.80805265","30","15","1.65","2940"
"55","서리 곰구리","이전 도감 · 수정동굴","SS","1","45.625","1","0","66","30","2.4","3570"
"56","서리 물방울","이전 도감 · 수정동굴","SS","45.625","1","1","0","66","30","2.4","3570"
"57","서리 버섯몽","이전 도감 · 수정동굴","SSS","1","1","2.732615499","17.32615499","150","75","3.4","4200"
"58","서리 꿀벌콩","이전 도감 · 수정동굴","SSS","1","53.5","1","0","150","75","3.4","4200"
"59","서리 아기새","이전 도감 · 수정동굴","Secret","61.375","1","1","0","450","300","4.5","4830"
"60","구름 새싹콩","이전 도감 · 구름유적","C","86","1","1","0","4","4","0.45","6800"
"61","구름 달토리","이전 도감 · 구름유적","C","1","1","2.939268473","19.39268473","4","4","0.45","6800"
"62","구름 별꼬리","이전 도감 · 구름유적","C","1","86","1","0","4","4","0.45","6800"
"63","구름 여우콩","이전 도감 · 구름유적","B","137","1","1","0","8","4","0.7","10880"
"64","구름 고양콩","이전 도감 · 구름유적","B","1","1","3.141989222","21.41989222","8","4","0.7","10880"
"65","구름 곰구리","이전 도감 · 구름유적","A","1","188","1","0","20","8","1.05","14960"
"66","구름 물방울","이전 도감 · 구름유적","A","188","1","1","0","20","8","1.05","14960"
"67","구름 버섯몽","이전 도감 · 구름유적","S","1","1","3.384262476","23.84262476","40","20","1.65","19040"
"68","구름 꿀벌콩","이전 도감 · 구름유적","SS","1","290","1","0","88","40","2.4","23120"
"69","구름 아기새","이전 도감 · 구름유적","SSS","341","1","1","0","200","100","3.4","27200"
"70","황금 새싹콩","이전 도감 · 구름유적","C","86","1","1","0","4","4","0.45","6800"
"71","황금 달토리","이전 도감 · 구름유적","B","1","1","3.141989222","21.41989222","8","4","0.7","10880"
"72","황금 별꼬리","이전 도감 · 구름유적","A","1","188","1","0","20","8","1.05","14960"
"73","황금 여우콩","이전 도감 · 구름유적","S","239","1","1","0","40","20","1.65","19040"
"74","황금 고양콩","이전 도감 · 구름유적","S","1","1","3.384262476","23.84262476","40","20","1.65","19040"
"75","황금 곰구리","이전 도감 · 구름유적","SS","1","290","1","0","88","40","2.4","23120"
"76","황금 물방울","이전 도감 · 구름유적","SS","290","1","1","0","88","40","2.4","23120"
"77","황금 버섯몽","이전 도감 · 구름유적","SSS","1","1","3.538999561","25.38999561","200","100","3.4","27200"
"78","황금 꿀벌콩","이전 도감 · 구름유적","SSS","1","341","1","0","200","100","3.4","27200"
"79","황금 아기새","이전 도감 · 구름유적","Secret","392","1","1","0","600","400","4.5","31280"
"80","은하 새싹콩","이전 도감 · 우주균열","C","538.5","1","1","0","5","5","0.45","43000"
"81","은하 달토리","이전 도감 · 우주균열","C","1","1","3.737920175","27.37920175","5","5","0.45","43000"
"82","은하 별꼬리","이전 도감 · 우주균열","C","1","538.5","1","0","5","5","0.45","43000"
"83","은하 여우콩","이전 도감 · 우주균열","B","861","1","1","0","10","5","0.7","68800"
"84","은하 고양콩","이전 도감 · 우주균열","B","1","1","3.942240185","29.42240185","10","5","0.7","68800"
"85","은하 곰구리","이전 도감 · 우주균열","A","1","1183.5","1","0","25","10","1.05","94600"
"86","은하 물방울","이전 도감 · 우주균열","A","1183.5","1","1","0","25","10","1.05","94600"
"87","은하 버섯몽","이전 도감 · 우주균열","S","1","1","4.185660747","31.85660747","50","25","1.65","120400"
"88","은하 꿀벌콩","이전 도감 · 우주균열","SS","1","1828.5","1","0","110","50","2.4","146200"
"89","은하 아기새","이전 도감 · 우주균열","SSS","2151","1","1","0","250","125","3.4","172000"
"90","태초 새싹콩","이전 도감 · 우주균열","C","538.5","1","1","0","5","5","0.45","43000"
"91","태초 달토리","이전 도감 · 우주균열","B","1","1","3.942240185","29.42240185","10","5","0.7","68800"
"92","태초 별꼬리","이전 도감 · 우주균열","A","1","1183.5","1","0","25","10","1.05","94600"
"93","태초 여우콩","이전 도감 · 우주균열","S","1506","1","1","0","50","25","1.65","120400"
"94","태초 고양콩","이전 도감 · 우주균열","S","1","1","4.185660747","31.85660747","50","25","1.65","120400"
"95","태초 곰구리","이전 도감 · 우주균열","SS","1","1828.5","1","0","110","50","2.4","146200"
"96","태초 물방울","이전 도감 · 우주균열","SS","1828.5","1","1","0","110","50","2.4","146200"
"97","태초 버섯몽","이전 도감 · 우주균열","SSS","1","1","4.340857925","33.40857925","250","125","3.4","172000"
"98","태초 꿀벌콩","이전 도감 · 우주균열","SSS","1","2151","1","0","250","125","3.4","172000"
"99","태초 아기새","이전 도감 · 우주균열","Secret","2473.5","1","1","0","750","500","4.5","197800"
"100","새싹이","1. 몽글 초원","C","1.15","1","1","0","1","1","0.45","12"
"101","클로버 토끼","1. 몽글 초원","C","1","1","1.060847507","0.6084750707","1","1","0.45","12"
"102","민들레 병아리","1. 몽글 초원","B","1","1.1625","1","0","2","1","0.7","13"
"103","딸기쥐","1. 몽글 초원","B","1.1625","1","1","0","2","1","0.7","13"
"104","도토리 거북","1. 몽글 초원","A","1","1","1.070210564","0.7021056366","5","2","1.05","14"
"105","바람개비 병아리","1. 몽글 초원","A","1","1.175","1","0","5","2","1.05","14"
"106","꿀단지 곰","1. 몽글 초원","S","1.2","1","1","0","10","5","1.65","16"
"107","꽃갈기 사자","1. 몽글 초원","SS","1","1","1.088353412","0.8835341174","22","10","2.4","18"
"108","무지개 나비","1. 몽글 초원","SSS","1","1.2625","1","0","50","25","3.4","21"
"109","사계절 사슴","1. 몽글 초원","Secret","1.3","1","1","0","150","100","4.5","24"
"110","단추곰","2. 장난감 왕국","C","1.3","1","1","0","1","1","0.45","24"
"111","태엽오리","2. 장난감 왕국","C","1","1","1.11422431","1.1422431","1","1","0.45","24"
"112","목마 조랑말","2. 장난감 왕국","B","1","1.325","1","0","2","1","0.7","26"
"113","블록코끼리","2. 장난감 왕국","B","1.325","1","1","0","2","1","0.7","26"
"114","구슬고양이","2. 장난감 왕국","A","1","1","1.134667753","1.346677535","5","2","1.05","29"
"115","종이배 펭귄","2. 장난감 왕국","A","1","1.3625","1","0","5","2","1.05","29"
"116","깜짝상자 토끼","2. 장난감 왕국","S","1.4","1","1","0","10","5","1.65","32"
"117","양말뱀","2. 장난감 왕국","SS","1","1","1.161765898","1.617658981","22","10","2.4","36"
"118","오르골 백조","2. 장난감 왕국","SSS","1","1.525","1","0","50","25","3.4","42"
"119","풍선강아지","2. 장난감 왕국","Secret","1.6","1","1","0","150","100","4.5","48"
"120","물방울 물개","3. 심해 산호숲","C","1.5625","1","1","0","1","1","0.45","45"
"121","소라게","3. 심해 산호숲","C","1","1","1.194297941","1.94297941","1","1","0.45","45"
"122","진주조개","3. 심해 산호숲","B","1","1.625","1","0","2","1","0.7","50"
"123","리본해마","3. 심해 산호숲","B","1.625","1","1","0","2","1","0.7","50"
"124","파도 가오리","3. 심해 산호숲","A","1","1","1.22456718","2.245671797","5","2","1.05","54"
"125","산호거북","3. 심해 산호숲","A","1","1.675","1","0","5","2","1.05","54"
"126","별빛해파리","3. 심해 산호숲","S","1.7625","1","1","0","10","5","1.65","61"
"127","노을 돌고래","3. 심해 산호숲","SS","1","1","1.267830512","2.678305116","22","10","2.4","68"
"128","잠수문어","3. 심해 산호숲","SSS","1","1.9875","1","0","50","25","3.4","79"
"129","산호용","3. 심해 산호숲","Secret","2.125","1","1","0","150","100","4.5","90"
"130","숯병아리","4. 화산 대장간","C","2","1","1","0","1","1","0.45","80"
"131","불씨도마뱀","4. 화산 대장간","C","1","1","1.301772265","3.017722654","1","1","0.45","80"
"132","화로거북","4. 화산 대장간","B","1","2.6","1","0","2","1","0.7","128"
"133","잿빛박쥐","4. 화산 대장간","B","2.6","1","1","0","2","1","0.7","128"
"134","유황산양","4. 화산 대장간","A","1","1","1.50639556","5.063955604","5","2","1.05","176"
"135","용암달팽이","4. 화산 대장간","A","1","3.2","1","0","5","2","1.05","176"
"136","흑요석 전갈","4. 화산 대장간","S","3.8","1","1","0","10","5","1.65","224"
"137","분화구 멧돼지","4. 화산 대장간","SS","1","1","1.645039281","6.450392808","22","10","2.4","272"
"138","모루두더지","4. 화산 대장간","SSS","1","5","1","0","50","25","3.4","320"
"139","잿불공작","4. 화산 대장간","Secret","5.6","1","1","0","150","100","4.5","368"
"140","틈새고양이","19. 공허의 틈","C","1351","1","1","0","5","5","0.45","108000"
"141","빈껍질 거북","19. 공허의 틈","C","1","1","4.138374815","31.38374815","5","5","0.45","108000"
"142","그림자토끼","19. 공허의 틈","B","1","2161","1","0","10","5","0.7","172800"
"143","공백가오리","19. 공허의 틈","B","2161","1","1","0","10","5","0.7","172800"
"144","조각여우","19. 공허의 틈","A","1","1","4.48146602","34.8146602","25","10","1.05","237600"
"145","침묵의 종","19. 공허의 틈","A","1","2971","1","0","25","10","1.05","237600"
"146","먹구름문어","19. 공허의 틈","S","3781","1","1","0","50","25","1.65","302400"
"147","어긋난 사슴","19. 공허의 틈","SS","1","1","4.670936702","36.70936702","110","50","2.4","367200"
"148","검은구멍 고래","19. 공허의 틈","SSS","1","5401","1","0","250","125","3.4","432000"
"149","경계의 사냥개","19. 공허의 틈","Secret","6211","1","1","0","750","500","4.5","496800"
"150","분필유령","5. 유령 학교","C","2.75","1","1","0","2","2","0.45","140"
"151","지우개 햄스터","5. 유령 학교","C","1","1","1.440415986","4.404159858","2","2","0.45","140"
"152","연필고슴도치","5. 유령 학교","B","1","3.8","1","0","4","2","0.7","224"
"153","잉크문어","5. 유령 학교","B","3.8","1","1","0","4","2","0.7","224"
"154","책가방 거북","5. 유령 학교","A","1","1","1.687432618","6.874326178","10","4","1.05","308"
"155","종이학","5. 유령 학교","A","1","4.85","1","0","10","4","1.05","308"
"156","칠판고양이","5. 유령 학교","S","5.9","1","1","0","20","10","1.65","392"
"157","종소리 부엉이","5. 유령 학교","SS","1","1","1.844060943","8.440609428","44","20","2.4","476"
"158","커튼박쥐","5. 유령 학교","SSS","1","8","1","0","100","50","3.4","560"
"159","그림자 사슴","5. 유령 학교","Secret","9.05","1","1","0","300","200","4.5","644"
"160","안테나 토끼","6. 네온 사이버시티","C","4","1","1","0","2","2","0.45","240"
"161","배터리 햄스터","6. 네온 사이버시티","C","1","1","1.603544531","6.035445309","2","2","0.45","240"
"162","택배너구리","6. 네온 사이버시티","B","1","5.8","1","0","4","2","0.7","384"
"163","스케이트 도마뱀","6. 네온 사이버시티","B","5.8","1","1","0","4","2","0.7","384"
"164","헤드폰 고양이","6. 네온 사이버시티","A","1","1","1.882985473","8.829854732","10","4","1.05","528"
"165","신호등 부엉이","6. 네온 사이버시티","A","1","7.6","1","0","10","4","1.05","528"
"166","홀로그램 잉어","6. 네온 사이버시티","S","9.4","1","1","0","20","10","1.65","672"
"167","케이블 뱀","6. 네온 사이버시티","SS","1","1","2.05180515","10.5180515","44","20","2.4","816"
"168","드론가오리","6. 네온 사이버시티","SSS","1","13","1","0","100","50","3.4","960"
"169","네온표범","6. 네온 사이버시티","Secret","14.8","1","1","0","300","200","4.5","1104"
"170","모래여우","7. 황금 사막왕국","C","6","1","1","0","2","2","0.45","400"
"171","물병낙타","7. 황금 사막왕국","C","1","1","1.78006999","7.800699899","2","2","0.45","400"
"172","선인장 고슴도치","7. 황금 사막왕국","B","1","9","1","0","4","2","0.7","640"
"173","모래두더지","7. 황금 사막왕국","B","9","1","1","0","4","2","0.7","640"
"174","청금석 풍뎅이","7. 황금 사막왕국","A","1","1","2.081842255","10.81842255","10","4","1.05","880"
"175","항아리 코브라","7. 황금 사막왕국","A","1","12","1","0","10","4","1.05","880"
"176","붕대고양이","7. 황금 사막왕국","S","15","1","1","0","20","10","1.65","1120"
"177","보석전갈","7. 황금 사막왕국","SS","1","1","2.258367714","12.58367714","44","20","2.4","1360"
"178","해시계 매","7. 황금 사막왕국","SSS","1","21","1","0","100","50","3.4","1600"
"179","작은 스핑크스","7. 황금 사막왕국","Secret","24","1","1","0","300","200","4.5","1840"
"180","알껍질 공룡","8. 태초의 공룡섬","C","9.125","1","1","0","2","2","0.45","650"
"181","양치 트리케라","8. 태초의 공룡섬","C","1","1","1.962600583","9.626005835","2","2","0.45","650"
"182","꽃등 스테고","8. 태초의 공룡섬","B","1","14","1","0","4","2","0.7","1040"
"183","깃털 랩터","8. 태초의 공룡섬","B","14","1","1","0","4","2","0.7","1040"
"184","조약돌 안킬로","8. 태초의 공룡섬","A","1","1","2.279033","12.79033","10","4","1.05","1430"
"185","물수제비 수장룡","8. 태초의 공룡섬","A","1","18.875","1","0","10","4","1.05","1430"
"186","과일 익룡","8. 태초의 공룡섬","S","23.75","1","1","0","20","10","1.65","1820"
"187","나팔 볏공룡","8. 태초의 공룡섬","SS","1","1","2.46033749","14.6033749","44","20","2.4","2210"
"188","이끼 긴목공룡","8. 태초의 공룡섬","SSS","1","33.5","1","0","100","50","3.4","2600"
"189","호박빛 티라노","8. 태초의 공룡섬","Secret","38.375","1","1","0","300","200","4.5","2990"
"190","달떡토끼","9. 도깨비 달마을","C","14.125","1","1","0","3","3","0.45","1050"
"191","복주머니 참새","9. 도깨비 달마을","C","1","1","2.15282406","11.5282406","3","3","0.45","1050"
"192","초롱반딧불","9. 도깨비 달마을","B","1","22","1","0","6","3","0.7","1680"
"193","짚신너구리","9. 도깨비 달마을","B","22","1","1","0","6","3","0.7","1680"
"194","장승곰","9. 도깨비 달마을","A","1","1","2.478945679","14.78945679","15","6","1.05","2310"
"195","보자기 박쥐","9. 도깨비 달마을","A","1","29.875","1","0","15","6","1.05","2310"
"196","도깨비 방망이","9. 도깨비 달마을","S","37.75","1","1","0","30","15","1.65","2940"
"197","청자두꺼비","9. 도깨비 달마을","SS","1","1","2.663294085","16.63294085","66","30","2.4","3570"
"198","달무늬 호랑이","9. 도깨비 달마을","SSS","1","53.5","1","0","150","75","3.4","4200"
"199","은빛 구미호","9. 도깨비 달마을","Secret","61.375","1","1","0","450","300","4.5","4830"
"200","올리브 거북","10. 올림포스 신전","C","22.25","1","1","0","3","3","0.45","1700"
"201","구름양","10. 올림포스 신전","C","1","1","2.350652217","13.50652217","3","3","0.45","1700"
"202","포도멧돼지","10. 올림포스 신전","B","1","35","1","0","6","3","0.7","2720"
"203","두루마리 부엉이","10. 올림포스 신전","B","35","1","1","0","6","3","0.7","2720"
"204","날개샌들 강아지","10. 올림포스 신전","A","1","1","2.683113333","16.83113333","15","6","1.05","3740"
"205","물항아리 수달","10. 올림포스 신전","A","1","47.75","1","0","15","6","1.05","3740"
"206","월계관 사자","10. 올림포스 신전","S","60.5","1","1","0","30","15","1.65","4760"
"207","번개독수리","10. 올림포스 신전","SS","1","1","2.86940581","18.6940581","66","30","2.4","5780"
"208","대리석 그리핀","10. 올림포스 신전","SSS","1","86","1","0","150","75","3.4","6800"
"209","새벽 페가수스","10. 올림포스 신전","Secret","98.75","1","1","0","450","300","4.5","7820"
"210","안테나 슬라임","11. 외계인 51구역","C","34.75","1","1","0","3","3","0.45","2700"
"211","세눈 도마뱀","11. 외계인 51구역","C","1","1","2.544754444","15.44754444","3","3","0.45","2700"
"212","원반문어","11. 외계인 51구역","B","1","55","1","0","6","3","0.7","4320"
"213","수정달팽이","11. 외계인 51구역","B","55","1","1","0","6","3","0.7","4320"
"214","흡착개구리","11. 외계인 51구역","A","1","1","2.881133532","18.81133532","15","6","1.05","5940"
"215","촉수토끼","11. 외계인 51구역","A","1","75.25","1","0","15","6","1.05","5940"
"216","부유해파리","11. 외계인 51구역","S","95.5","1","1","0","30","15","1.65","7560"
"217","실험복 족제비","11. 외계인 51구역","SS","1","1","3.068609161","20.68609161","66","30","2.4","9180"
"218","중력두꺼비","11. 외계인 51구역","SSS","1","136","1","0","150","75","3.4","10800"
"219","별꽃 사마귀","11. 외계인 51구역","Secret","156.25","1","1","0","450","300","4.5","12420"
"220","태엽생쥐","12. 스팀펑크 공중도시","C","54.75","1","1","0","3","3","0.45","4300"
"221","비행모 강아지","12. 스팀펑크 공중도시","C","1","1","2.742670573","17.42670573","3","3","0.45","4300"
"222","찻주전자 코끼리","12. 스팀펑크 공중도시","B","1","87","1","0","6","3","0.7","6880"
"223","프로펠러 참새","12. 스팀펑크 공중도시","B","87","1","1","0","6","3","0.7","6880"
"224","나침반 거북","12. 스팀펑크 공중도시","A","1","1","3.08157845","20.8157845","15","6","1.05","9460"
"225","톱니여우","12. 스팀펑크 공중도시","A","1","119.25","1","0","15","6","1.05","9460"
"226","풍선고래","12. 스팀펑크 공중도시","S","151.5","1","1","0","30","15","1.65","12040"
"227","기관차 멧돼지","12. 스팀펑크 공중도시","SS","1","1","3.269810404","22.69810404","66","30","2.4","14620"
"228","망원경 기린","12. 스팀펑크 공중도시","SSS","1","216","1","0","150","75","3.4","17200"
"229","시계부엉이","12. 스팀펑크 공중도시","Secret","248.25","1","1","0","450","300","4.5","19780"
"230","눈송이 물범","13. 영원의 빙하","C","86","1","1","0","4","4","0.45","6800"
"231","목도리 펭귄","13. 영원의 빙하","C","1","1","2.939268473","19.39268473","4","4","0.45","6800"
"232","유리빙어","13. 영원의 빙하","B","1","137","1","0","8","4","0.7","10880"
"233","서리토끼","13. 영원의 빙하","B","137","1","1","0","8","4","0.7","10880"
"234","얼음게","13. 영원의 빙하","A","1","1","3.279765392","22.79765392","20","8","1.05","14960"
"235","고드름 일각고래","13. 영원의 빙하","A","1","188","1","0","20","8","1.05","14960"
"236","설산 산양","13. 영원의 빙하","S","239","1","1","0","40","20","1.65","19040"
"237","털북숭이 매머드","13. 영원의 빙하","SS","1","1","3.468469697","24.68469697","88","40","2.4","23120"
"238","오로라 여우","13. 영원의 빙하","SSS","1","341","1","0","200","100","3.4","27200"
"239","눈꽃부엉이","13. 영원의 빙하","Secret","392","1","1","0","600","400","4.5","31280"
"240","베개강아지","14. 뒤죽박죽 꿈나라","C","136","1","1","0","4","4","0.45","10800"
"241","꿈풍선 코끼리","14. 뒤죽박죽 꿈나라","C","1","1","3.138799718","21.38799718","4","4","0.45","10800"
"242","초승달 해마","14. 뒤죽박죽 꿈나라","B","1","217","1","0","8","4","0.7","17280"
"243","우산해파리","14. 뒤죽박죽 꿈나라","B","217","1","1","0","8","4","0.7","17280"
"244","찻잔고양이","14. 뒤죽박죽 꿈나라","A","1","1","3.480317104","24.80317104","20","8","1.05","23760"
"245","양말물고기","14. 뒤죽박죽 꿈나라","A","1","298","1","0","20","8","1.05","23760"
"246","구름기린","14. 뒤죽박죽 꿈나라","S","379","1","1","0","40","20","1.65","30240"
"247","거울백조","14. 뒤죽박죽 꿈나라","SS","1","1","3.669323572","26.69323572","88","40","2.4","36720"
"248","별사탕 고슴도치","14. 뒤죽박죽 꿈나라","SSS","1","541","1","0","200","100","3.4","43200"
"249","밤하늘 양","14. 뒤죽박죽 꿈나라","Secret","622","1","1","0","600","400","4.5","49680"
"250","새싹들쥐","15. 방사능 폐허","C","213.5","1","1","0","4","4","0.45","17000"
"251","철통두꺼비","15. 방사능 폐허","C","1","1","3.335141631","23.35141631","4","4","0.45","17000"
"252","방독면 너구리","15. 방사능 폐허","B","1","341","1","0","8","4","0.7","27200"
"253","유리버섯 달팽이","15. 방사능 폐허","B","341","1","1","0","8","4","0.7","27200"
"254","쌍꼬리 도마뱀","15. 방사능 폐허","A","1","1","3.677294942","26.77294942","20","8","1.05","37400"
"255","깡통꽃게","15. 방사능 폐허","A","1","468.5","1","0","20","8","1.05","37400"
"256","형광나방","15. 방사능 폐허","S","596","1","1","0","40","20","1.65","47600"
"257","건전지 멧돼지","15. 방사능 폐허","SS","1","1","3.866489244","28.66489244","88","40","2.4","57800"
"258","온실사슴","15. 방사능 폐허","SSS","1","851","1","0","200","100","3.4","68000"
"259","두머리 살쾡이","15. 방사능 폐허","Secret","978.5","1","1","0","600","400","4.5","78200"
"260","꽃꿀벌","16. 곤충 소인국","C","338.5","1","1","0","4","4","0.45","27000"
"261","이슬무당벌레","16. 곤충 소인국","C","1","1","3.535795975","25.35795975","4","4","0.45","27000"
"262","잎사귀벌레","16. 곤충 소인국","B","1","541","1","0","8","4","0.7","43200"
"263","도토리 장수풍뎅이","16. 곤충 소인국","B","541","1","1","0","8","4","0.7","43200"
"264","풀잎메뚜기","16. 곤충 소인국","A","1","1","3.878360882","28.78360882","20","8","1.05","59400"
"265","버섯개미","16. 곤충 소인국","A","1","743.5","1","0","20","8","1.05","59400"
"266","씨앗잠자리","16. 곤충 소인국","S","946","1","1","0","40","20","1.65","75600"
"267","호박빛 매미","16. 곤충 소인국","SS","1","1","4.067676569","30.67676569","88","40","2.4","91800"
"268","비단나방","16. 곤충 소인국","SSS","1","1351","1","0","200","100","3.4","108000"
"269","왕관사슴벌레","16. 곤충 소인국","Secret","1553.5","1","1","0","600","400","4.5","124200"
"270","볼트생쥐","17. 고철 로봇행성","C","538.5","1","1","0","5","5","0.45","43000"
"271","양철강아지","17. 고철 로봇행성","C","1","1","3.737920175","27.37920175","5","5","0.45","43000"
"272","자석문어","17. 고철 로봇행성","B","1","861","1","0","10","5","0.7","68800"
"273","바퀴딱정벌레","17. 고철 로봇행성","B","861","1","1","0","10","5","0.7","68800"
"274","유압고릴라","17. 고철 로봇행성","A","1","1","4.080745979","30.80745979","25","10","1.05","94600"
"275","스프링토끼","17. 고철 로봇행성","A","1","1183.5","1","0","25","10","1.05","94600"
"276","태양전지 거북","17. 고철 로봇행성","S","1506","1","1","0","50","25","1.65","120400"
"277","전구해파리","17. 고철 로봇행성","SS","1","1","4.27013853","32.7013853","110","50","2.4","146200"
"278","굴착두더지","17. 고철 로봇행성","SSS","1","2151","1","0","250","125","3.4","172000"
"279","레이더여우","17. 고철 로봇행성","Secret","2473.5","1","1","0","750","500","4.5","197800"
"280","별모래 햄스터","18. 은하수 천문대","C","851","1","1","0","5","5","0.45","68000"
"281","혜성다람쥐","18. 은하수 천문대","C","1","1","3.937154083","29.37154083","5","5","0.45","68000"
"282","달구덩이 거북","18. 은하수 천문대","B","1","1361","1","0","10","5","0.7","108800"
"283","망원경 부엉이","18. 은하수 천문대","B","1361","1","1","0","10","5","0.7","108800"
"284","토성고양이","18. 은하수 천문대","A","1","1","4.280141958","32.80141958","25","10","1.05","149600"
"285","유성제비","18. 은하수 천문대","A","1","1871","1","0","25","10","1.05","149600"
"286","별자리 사슴","18. 은하수 천문대","S","2381","1","1","0","50","25","1.65","190400"
"287","성운문어","18. 은하수 천문대","SS","1","1","4.469582229","34.69582229","110","50","2.4","231200"
"288","은하수 고래","18. 은하수 천문대","SSS","1","3401","1","0","250","125","3.4","272000"
"289","일식사자","18. 은하수 천문대","Secret","3911","1","1","0","750","500","4.5","312800"
"290","첫새싹","20. 창조주의 정원","C","2126","1","1","0","5","5","0.45","170000"
"291","새벽토끼","20. 창조주의 정원","C","1","1","4.335768255","33.35768255","5","5","0.45","170000"
"292","물감새","20. 창조주의 정원","B","1","3401","1","0","10","5","0.7","272000"
"293","흙빚는 곰","20. 창조주의 정원","B","3401","1","1","0","10","5","0.7","272000"
"294","샘물수달","20. 창조주의 정원","A","1","1","4.678923557","36.78923557","25","10","1.05","374000"
"295","바람사슴","20. 창조주의 정원","A","1","4676","1","0","25","10","1.05","374000"
"296","나무껍질 거북","20. 창조주의 정원","S","5951","1","1","0","50","25","1.65","476000"
"297","계절나비","20. 창조주의 정원","SS","1","1","4.8684131","38.684131","110","50","2.4","578000"
"298","밤낮의 사자","20. 창조주의 정원","SSS","1","8501","1","0","250","125","3.4","680000"
"299","세계씨앗 고래","20. 창조주의 정원","Secret","9776","1","1","0","750","500","4.5","782000"
"300","꽃바람 고룡","1. 몽글 초원","Secret","1","1","1.11422431","1.1422431","150","100","6.5","24"
"301","태엽 비룡","2. 장난감 왕국","Secret","1","1","1.204623295","2.046232949","150","100","6.5","48"
"302","진주궁 해룡","3. 심해 산호숲","Secret","1","1","1.328166125","3.281661252","150","100","6.5","90"
"303","용광로 고룡","4. 화산 대장간","Secret","1","1","1.750032884","7.500328842","150","100","6.5","368"
"304","심연의 공허룡","19. 공허의 틈","Secret","1","1","4.802514581","38.02514581","750","500","6.5","496800"
"305","자정의 유령룡","5. 유령 학교","Secret","1","1","1.959007452","9.590074515","300","200","6.5","644"
"306","네온 비룡","6. 네온 사이버시티","Secret","1","1","2.173147308","11.73147308","300","200","6.5","1104"
"307","사막의 태양룡","7. 황금 사막왕국","Secret","1","1","2.383614521","13.83614521","300","200","6.5","1840"
"308","태초의 수목룡","8. 태초의 공룡섬","Secret","1","1","2.587954282","15.87954282","300","200","6.5","2990"
"309","달맞이 청룡","9. 도깨비 달마을","Secret","1","1","2.792400275","17.92400275","450","300","6.5","4830"
"310","천둥의 왕룡","10. 올림포스 신전","Secret","1","1","2.999455168","19.99455168","450","300","6.5","7820"
"311","월식의 외계룡","11. 외계인 51구역","Secret","1","1","3.199229475","21.99229475","450","300","6.5","12420"
"312","시간기관룡","12. 스팀펑크 공중도시","Secret","1","1","3.400794496","24.00794496","450","300","6.5","19780"
"313","오로라 빙룡","13. 영원의 빙하","Secret","1","1","3.599680506","25.99680506","600","400","6.5","31280"
"314","뒤집힌 꿈룡","14. 뒤죽박죽 꿈나라","Secret","1","1","3.80067922","28.0067922","600","400","6.5","49680"
"315","폐허의 재생룡","15. 방사능 폐허","Secret","1","1","3.997934856","29.97934856","600","400","6.5","78200"
"316","꽃왕관 비룡","16. 곤충 소인국","Secret","1","1","4.199180287","31.99180287","600","400","6.5","124200"
"317","고철 거신룡","17. 고철 로봇행성","Secret","1","1","4.401679031","34.01679031","750","500","6.5","197800"
"318","별고리 천룡","18. 은하수 천문대","Secret","1","1","4.60114556","36.0114556","750","500","6.5","312800"
"319","정원의 첫 용","20. 창조주의 정원","Secret","1","1","5","40","750","500","6.5","782000"
"320","별리본 루미","스페셜","S","1","1.4","1","0","10","5","1.1","32"
"321","물웅덩이 개구리","1. 몽글 초원","C","1.075","1","1.030423754","0.3042375354","1","1","0.45","12"
"322","풀씨참새","1. 몽글 초원","C","1.075","1","1.030423754","0.3042375354","1","1","0.45","12"
"323","밤톨다람쥐","1. 몽글 초원","C","1.075","1","1.030423754","0.3042375354","1","1","0.45","12"
"324","완두콩 애벌레","1. 몽글 초원","C","1.075","1","1.030423754","0.3042375354","1","1","0.45","12"
"325","둥지두더지","1. 몽글 초원","C","1.075","1","1.030423754","0.3042375354","1","1","0.45","12"
"326","데이지 오리","1. 몽글 초원","B","1.08125","1.08125","1","0","2","1","0.7","13"
"327","버섯너구리","1. 몽글 초원","B","1.08125","1.08125","1","0","2","1","0.7","13"
"328","당근햄스터","1. 몽글 초원","B","1.08125","1.08125","1","0","2","1","0.7","13"
"329","풍향계 제비","1. 몽글 초원","B","1.08125","1.08125","1","0","2","1","0.7","13"
"330","호박달팽이","1. 몽글 초원","B","1.08125","1.08125","1","0","2","1","0.7","13"
"331","양귀비 여우","1. 몽글 초원","A","1","1.0875","1.035105282","0.3510528183","5","2","1.05","14"
"332","수레비버","1. 몽글 초원","A","1","1.0875","1.035105282","0.3510528183","5","2","1.05","14"
"333","빗방울 고슴도치","1. 몽글 초원","A","1","1.0875","1.035105282","0.3510528183","5","2","1.05","14"
"334","수련수달","1. 몽글 초원","S","1.2","1","1","0","10","5","1.65","16"
"335","해바라기 기린","1. 몽글 초원","S","1.2","1","1","0","10","5","1.65","16"
"336","풀피리 염소","1. 몽글 초원","S","1.2","1","1","0","10","5","1.65","16"
"337","꽃우산 판다","1. 몽글 초원","SS","1","1","1.088353412","0.8835341174","22","10","2.4","18"
"338","밀빛 두루미","1. 몽글 초원","SS","1","1","1.088353412","0.8835341174","22","10","2.4","18"
"339","꽃마차 코끼리","1. 몽글 초원","SSS","1","1.2625","1","0","50","25","3.4","21"
"340","딱지게","2. 장난감 왕국","C","1.15","1","1.057112155","0.5711215502","1","1","0.45","24"
"341","퍼즐도마뱀","2. 장난감 왕국","C","1.15","1","1.057112155","0.5711215502","1","1","0.45","24"
"342","실타래 고양이","2. 장난감 왕국","C","1.15","1","1.057112155","0.5711215502","1","1","0.45","24"
"343","팽이병아리","2. 장난감 왕국","C","1.15","1","1.057112155","0.5711215502","1","1","0.45","24"
"344","종이컵 여우","2. 장난감 왕국","C","1.15","1","1.057112155","0.5711215502","1","1","0.45","24"
"345","자석블록 기린","2. 장난감 왕국","B","1.1625","1.1625","1","0","2","1","0.7","26"
"346","스티커 도롱뇽","2. 장난감 왕국","B","1.1625","1.1625","1","0","2","1","0.7","26"
"347","고무공 물개","2. 장난감 왕국","B","1.1625","1.1625","1","0","2","1","0.7","26"
"348","크레용 판다","2. 장난감 왕국","B","1.1625","1.1625","1","0","2","1","0.7","26"
"349","북치는 고릴라","2. 장난감 왕국","B","1.1625","1.1625","1","0","2","1","0.7","26"
"350","돛단배 악어","2. 장난감 왕국","A","1","1.18125","1.067333877","0.6733387673","5","2","1.05","29"
"351","카드병정 토끼","2. 장난감 왕국","A","1","1.18125","1.067333877","0.6733387673","5","2","1.05","29"
"352","만화경 앵무새","2. 장난감 왕국","A","1","1.18125","1.067333877","0.6733387673","5","2","1.05","29"
"353","구슬팔 문어","2. 장난감 왕국","S","1.4","1","1","0","10","5","1.65","32"
"354","인형극 카멜레온","2. 장난감 왕국","S","1.4","1","1","0","10","5","1.65","32"
"355","행진사자","2. 장난감 왕국","S","1.4","1","1","0","10","5","1.65","32"
"356","모빌가오리","2. 장난감 왕국","SS","1","1","1.161765898","1.617658981","22","10","2.4","36"
"357","회전목마 사슴","2. 장난감 왕국","SS","1","1","1.161765898","1.617658981","22","10","2.4","36"
"358","성채거북","2. 장난감 왕국","SSS","1","1.525","1","0","50","25","3.4","42"
"359","줄무늬 말미잘","3. 심해 산호숲","C","1.28125","1","1.097148971","0.971489705","1","1","0.45","45"
"360","동전해삼","3. 심해 산호숲","C","1.28125","1","1.097148971","0.971489705","1","1","0.45","45"
"361","모래복어","3. 심해 산호숲","C","1.28125","1","1.097148971","0.971489705","1","1","0.45","45"
"362","조개새우","3. 심해 산호숲","C","1.28125","1","1.097148971","0.971489705","1","1","0.45","45"
"363","바둑무늬 바다뱀","3. 심해 산호숲","C","1.28125","1","1.097148971","0.971489705","1","1","0.45","45"
"364","해초실고기","3. 심해 산호숲","B","1.3125","1.3125","1","0","2","1","0.7","50"
"365","우산성게","3. 심해 산호숲","B","1.3125","1.3125","1","0","2","1","0.7","50"
"366","거품해달","3. 심해 산호숲","B","1.3125","1.3125","1","0","2","1","0.7","50"
"367","돛지느러미 물고기","3. 심해 산호숲","B","1.3125","1.3125","1","0","2","1","0.7","50"
"368","유리멍게","3. 심해 산호숲","B","1.3125","1.3125","1","0","2","1","0.7","50"
"369","등불아귀","3. 심해 산호숲","A","1","1.3375","1.11228359","1.122835898","5","2","1.05","54"
"370","자개앵무조개","3. 심해 산호숲","A","1","1.3375","1.11228359","1.122835898","5","2","1.05","54"
"371","해먹불가사리","3. 심해 산호숲","A","1","1.3375","1.11228359","1.122835898","5","2","1.05","54"
"372","산호왕관 바닷가재","3. 심해 산호숲","S","1.7625","1","1","0","10","5","1.65","61"
"373","청자 바다코끼리","3. 심해 산호숲","S","1.7625","1","1","0","10","5","1.65","61"
"374","소용돌이 장어","3. 심해 산호숲","S","1.7625","1","1","0","10","5","1.65","61"
"375","진주등 고래","3. 심해 산호숲","SS","1","1","1.267830512","2.678305116","22","10","2.4","68"
"376","해저궁 투구게","3. 심해 산호숲","SS","1","1","1.267830512","2.678305116","22","10","2.4","68"
"377","심해수호 상어","3. 심해 산호숲","SSS","1","1.9875","1","0","50","25","3.4","79"
"378","불돌개구리","4. 화산 대장간","C","1.5","1","1.150886133","1.508861327","1","1","0.45","80"
"379","재먼지쥐","4. 화산 대장간","C","1.5","1","1.150886133","1.508861327","1","1","0.45","80"
"380","구리딱정벌레","4. 화산 대장간","C","1.5","1","1.150886133","1.508861327","1","1","0.45","80"
"381","불씨족제비","4. 화산 대장간","C","1.5","1","1.150886133","1.508861327","1","1","0.45","80"
"382","부석토끼","4. 화산 대장간","C","1.5","1","1.150886133","1.508861327","1","1","0.45","80"
"383","집게가재","4. 화산 대장간","B","1.8","1.8","1","0","2","1","0.7","128"
"384","불망치곰","4. 화산 대장간","B","1.8","1.8","1","0","2","1","0.7","128"
"385","도자기고양이","4. 화산 대장간","B","1.8","1.8","1","0","2","1","0.7","128"
"386","온천카피바라","4. 화산 대장간","B","1.8","1.8","1","0","2","1","0.7","128"
"387","석탄악어","4. 화산 대장간","B","1.8","1.8","1","0","2","1","0.7","128"
"388","유리꼬리 여우","4. 화산 대장간","A","1","2.1","1.25319778","2.531977802","5","2","1.05","176"
"389","자철석게","4. 화산 대장간","A","1","2.1","1.25319778","2.531977802","5","2","1.05","176"
"390","풀무황소","4. 화산 대장간","A","1","2.1","1.25319778","2.531977802","5","2","1.05","176"
"391","홍옥늑대","4. 화산 대장간","S","3.8","1","1","0","10","5","1.65","224"
"392","분출관 기린","4. 화산 대장간","S","3.8","1","1","0","10","5","1.65","224"
"393","마그마문어","4. 화산 대장간","S","3.8","1","1","0","10","5","1.65","224"
"394","흑철코뿔소","4. 화산 대장간","SS","1","1","1.645039281","6.450392808","22","10","2.4","272"
"395","불꽃나방","4. 화산 대장간","SS","1","1","1.645039281","6.450392808","22","10","2.4","272"
"396","흑요석 거인","4. 화산 대장간","SSS","1","5","1","0","50","25","3.4","320"
"397","책갈피 여우","5. 유령 학교","C","1.875","1","1.220207993","2.202079929","2","2","0.45","140"
"398","자고슴도치","5. 유령 학교","C","1.875","1","1.220207993","2.202079929","2","2","0.45","140"
"399","풀통달팽이","5. 유령 학교","C","1.875","1","1.220207993","2.202079929","2","2","0.45","140"
"400","압정병아리","5. 유령 학교","C","1.875","1","1.220207993","2.202079929","2","2","0.45","140"
"401","수첩생쥐","5. 유령 학교","C","1.875","1","1.220207993","2.202079929","2","2","0.45","140"
"402","필통악어","5. 유령 학교","B","2.4","2.4","1","0","4","2","0.7","224"
"403","붓꼬리 다람쥐","5. 유령 학교","B","2.4","2.4","1","0","4","2","0.7","224"
"404","체육복 강아지","5. 유령 학교","B","2.4","2.4","1","0","4","2","0.7","224"
"405","지도나방","5. 유령 학교","B","2.4","2.4","1","0","4","2","0.7","224"
"406","시험지 두꺼비","5. 유령 학교","B","2.4","2.4","1","0","4","2","0.7","224"
"407","피아노거미","5. 유령 학교","A","1","2.925","1.343716309","3.437163089","10","4","1.05","308"
"408","급식판 너구리","5. 유령 학교","A","1","2.925","1.343716309","3.437163089","10","4","1.05","308"
"409","지구본 고래","5. 유령 학교","A","1","2.925","1.343716309","3.437163089","10","4","1.05","308"
"410","책장기린","5. 유령 학교","S","5.9","1","1","0","20","10","1.65","392"
"411","지우개갈기 황소","5. 유령 학교","S","5.9","1","1","0","20","10","1.65","392"
"412","초상화 백조","5. 유령 학교","S","5.9","1","1","0","20","10","1.65","392"
"413","컴퍼스 두루미","5. 유령 학교","SS","1","1","1.844060943","8.440609428","44","20","2.4","476"
"414","졸업가운 문어","5. 유령 학교","SS","1","1","1.844060943","8.440609428","44","20","2.4","476"
"415","도서관 수호사자","5. 유령 학교","SSS","1","8","1","0","100","50","3.4","560"
"416","버튼병아리","6. 네온 사이버시티","C","2.5","1","1.301772265","3.017722654","2","2","0.45","240"
"417","교통카드 생쥐","6. 네온 사이버시티","C","2.5","1","1.301772265","3.017722654","2","2","0.45","240"
"418","콘센트 도롱뇽","6. 네온 사이버시티","C","2.5","1","1.301772265","3.017722654","2","2","0.45","240"
"419","픽셀참새","6. 네온 사이버시티","C","2.5","1","1.301772265","3.017722654","2","2","0.45","240"
"420","칩셋거북","6. 네온 사이버시티","C","2.5","1","1.301772265","3.017722654","2","2","0.45","240"
"421","우편함 펭귄","6. 네온 사이버시티","B","3.4","3.4","1","0","4","2","0.7","384"
"422","자판기곰","6. 네온 사이버시티","B","3.4","3.4","1","0","4","2","0.7","384"
"423","스피커 개구리","6. 네온 사이버시티","B","3.4","3.4","1","0","4","2","0.7","384"
"424","교통콘 달팽이","6. 네온 사이버시티","B","3.4","3.4","1","0","4","2","0.7","384"
"425","광고판 앵무새","6. 네온 사이버시티","B","3.4","3.4","1","0","4","2","0.7","384"
"426","프린터 오리","6. 네온 사이버시티","A","1","4.3","1.441492737","4.414927366","10","4","1.05","528"
"427","리듬고슴도치","6. 네온 사이버시티","A","1","4.3","1.441492737","4.414927366","10","4","1.05","528"
"428","전광판 해파리","6. 네온 사이버시티","A","1","4.3","1.441492737","4.414927366","10","4","1.05","528"
"429","전철코끼리","6. 네온 사이버시티","S","9.4","1","1","0","20","10","1.65","672"
"430","방송공작","6. 네온 사이버시티","S","9.4","1","1","0","20","10","1.65","672"
"431","호버보드 캥거루","6. 네온 사이버시티","S","9.4","1","1","0","20","10","1.65","672"
"432","전파거미","6. 네온 사이버시티","SS","1","1","2.05180515","10.5180515","44","20","2.4","816"
"433","미러볼 고릴라","6. 네온 사이버시티","SS","1","1","2.05180515","10.5180515","44","20","2.4","816"
"434","야경고래","6. 네온 사이버시티","SSS","1","13","1","0","100","50","3.4","960"
"435","대추생쥐","7. 황금 사막왕국","C","3.5","1","1.390034995","3.90034995","2","2","0.45","400"
"436","모래도마뱀","7. 황금 사막왕국","C","3.5","1","1.390034995","3.90034995","2","2","0.45","400"
"437","돌항아리게","7. 황금 사막왕국","C","3.5","1","1.390034995","3.90034995","2","2","0.45","400"
"438","사막메추리","7. 황금 사막왕국","C","3.5","1","1.390034995","3.90034995","2","2","0.45","400"
"439","씨앗딱정벌레","7. 황금 사막왕국","C","3.5","1","1.390034995","3.90034995","2","2","0.45","400"
"440","양탄자 가오리","7. 황금 사막왕국","B","5","5","1","0","4","2","0.7","640"
"441","오아시스 개구리","7. 황금 사막왕국","B","5","5","1","0","4","2","0.7","640"
"442","청동따오기","7. 황금 사막왕국","B","5","5","1","0","4","2","0.7","640"
"443","모래시계 달팽이","7. 황금 사막왕국","B","5","5","1","0","4","2","0.7","640"
"444","향로고양이","7. 황금 사막왕국","B","5","5","1","0","4","2","0.7","640"
"445","공작석 염소","7. 황금 사막왕국","A","1","6.5","1.540921128","5.409211277","10","4","1.05","880"
"446","석판부엉이","7. 황금 사막왕국","A","1","6.5","1.540921128","5.409211277","10","4","1.05","880"
"447","석류원숭이","7. 황금 사막왕국","A","1","6.5","1.540921128","5.409211277","10","4","1.05","880"
"448","향신료 코끼리","7. 황금 사막왕국","S","15","1","1","0","20","10","1.65","1120"
"449","수정날개 매미","7. 황금 사막왕국","S","15","1","1","0","20","10","1.65","1120"
"450","사구늑대","7. 황금 사막왕국","S","15","1","1","0","20","10","1.65","1120"
"451","수로악어","7. 황금 사막왕국","SS","1","1","2.258367714","12.58367714","44","20","2.4","1360"
"452","태양깃 공작","7. 황금 사막왕국","SS","1","1","2.258367714","12.58367714","44","20","2.4","1360"
"453","모래폭풍 로크","7. 황금 사막왕국","SSS","1","21","1","0","100","50","3.4","1600"
"454","흙목욕 도롱뇽","8. 태초의 공룡섬","C","5.0625","1","1.481300292","4.813002917","2","2","0.45","650"
"455","소철생쥐","8. 태초의 공룡섬","C","5.0625","1","1.481300292","4.813002917","2","2","0.45","650"
"456","이끼개구리","8. 태초의 공룡섬","C","5.0625","1","1.481300292","4.813002917","2","2","0.45","650"
"457","솔방울 도마뱀","8. 태초의 공룡섬","C","5.0625","1","1.481300292","4.813002917","2","2","0.45","650"
"458","조개암모나이트","8. 태초의 공룡섬","C","5.0625","1","1.481300292","4.813002917","2","2","0.45","650"
"459","뿔코공룡","8. 태초의 공룡섬","B","7.5","7.5","1","0","4","2","0.7","1040"
"460","돌머리공룡","8. 태초의 공룡섬","B","7.5","7.5","1","0","4","2","0.7","1040"
"461","돛등도마뱀","8. 태초의 공룡섬","B","7.5","7.5","1","0","4","2","0.7","1040"
"462","깃털시조새","8. 태초의 공룡섬","B","7.5","7.5","1","0","4","2","0.7","1040"
"463","통나무악어","8. 태초의 공룡섬","B","7.5","7.5","1","0","4","2","0.7","1040"
"464","바위송곳니 검치호","8. 태초의 공룡섬","A","1","9.9375","1.6395165","6.395165","10","4","1.05","1430"
"465","호박석 잠자리","8. 태초의 공룡섬","A","1","9.9375","1.6395165","6.395165","10","4","1.05","1430"
"466","조개등 판어","8. 태초의 공룡섬","A","1","9.9375","1.6395165","6.395165","10","4","1.05","1430"
"467","쌍볏공룡","8. 태초의 공룡섬","S","23.75","1","1","0","20","10","1.65","1820"
"468","깃부채 공룡","8. 태초의 공룡섬","S","23.75","1","1","0","20","10","1.65","1820"
"469","폭포등 긴목공룡","8. 태초의 공룡섬","S","23.75","1","1","0","20","10","1.65","1820"
"470","거목나무늘보","8. 태초의 공룡섬","SS","1","1","2.46033749","14.6033749","44","20","2.4","2210"
"471","백악익룡","8. 태초의 공룡섬","SS","1","1","2.46033749","14.6033749","44","20","2.4","2210"
"472","산맥거북","8. 태초의 공룡섬","SSS","1","33.5","1","0","100","50","3.4","2600"
"473","엽전생쥐","9. 도깨비 달마을","C","7.5625","1","1.57641203","5.764120299","3","3","0.45","1050"
"474","감나무참새","9. 도깨비 달마을","C","7.5625","1","1.57641203","5.764120299","3","3","0.45","1050"
"475","호롱불 달팽이","9. 도깨비 달마을","C","7.5625","1","1.57641203","5.764120299","3","3","0.45","1050"
"476","쑥떡두더지","9. 도깨비 달마을","C","7.5625","1","1.57641203","5.764120299","3","3","0.45","1050"
"477","박씨족제비","9. 도깨비 달마을","C","7.5625","1","1.57641203","5.764120299","3","3","0.45","1050"
"478","탈춤원숭이","9. 도깨비 달마을","B","11.5","11.5","1","0","6","3","0.7","1680"
"479","꽃신고양이","9. 도깨비 달마을","B","11.5","11.5","1","0","6","3","0.7","1680"
"480","기와거북","9. 도깨비 달마을","B","11.5","11.5","1","0","6","3","0.7","1680"
"481","연꼬리 제비","9. 도깨비 달마을","B","11.5","11.5","1","0","6","3","0.7","1680"
"482","달항아리 물개","9. 도깨비 달마을","B","11.5","11.5","1","0","6","3","0.7","1680"
"483","맷돌황소","9. 도깨비 달마을","A","1","15.4375","1.73947284","7.394728396","15","6","1.05","2310"
"484","거문고 사마귀","9. 도깨비 달마을","A","1","15.4375","1.73947284","7.394728396","15","6","1.05","2310"
"485","부적종이새","9. 도깨비 달마을","A","1","15.4375","1.73947284","7.394728396","15","6","1.05","2310"
"486","단청공작","9. 도깨비 달마을","S","37.75","1","1","0","30","15","1.65","2940"
"487","소원나무 사슴","9. 도깨비 달마을","S","37.75","1","1","0","30","15","1.65","2940"
"488","달그림자 학","9. 도깨비 달마을","S","37.75","1","1","0","30","15","1.65","2940"
"489","불꽃해태","9. 도깨비 달마을","SS","1","1","2.663294085","16.63294085","66","30","2.4","3570"
"490","구름방석 곰","9. 도깨비 달마을","SS","1","1","2.663294085","16.63294085","66","30","2.4","3570"
"491","달빛봉황","9. 도깨비 달마을","SSS","1","53.5","1","0","150","75","3.4","4200"
"492","도토리 정령","10. 올림포스 신전","C","11.625","1","1.675326108","6.753261085","3","3","0.45","1700"
"493","꿀항아리 생쥐","10. 올림포스 신전","C","11.625","1","1.675326108","6.753261085","3","3","0.45","1700"
"494","구름참새","10. 올림포스 신전","C","11.625","1","1.675326108","6.753261085","3","3","0.45","1700"
"495","조개도마뱀","10. 올림포스 신전","C","11.625","1","1.675326108","6.753261085","3","3","0.45","1700"
"496","청동개미","10. 올림포스 신전","C","11.625","1","1.675326108","6.753261085","3","3","0.45","1700"
"497","월계토끼","10. 올림포스 신전","B","18","18","1","0","6","3","0.7","2720"
"498","포도달팽이","10. 올림포스 신전","B","18","18","1","0","6","3","0.7","2720"
"499","리라여우","10. 올림포스 신전","B","18","18","1","0","6","3","0.7","2720"
"500","연회오리","10. 올림포스 신전","B","18","18","1","0","6","3","0.7","2720"
"501","등불염소","10. 올림포스 신전","B","18","18","1","0","6","3","0.7","2720"
"502","황금양털 숫양","10. 올림포스 신전","A","1","24.375","1.841556666","8.415566664","15","6","1.05","3740"
"503","승리깃 학","10. 올림포스 신전","A","1","24.375","1.841556666","8.415566664","15","6","1.05","3740"
"504","대리석 해마","10. 올림포스 신전","A","1","24.375","1.841556666","8.415566664","15","6","1.05","3740"
"505","바다갈기 말","10. 올림포스 신전","S","60.5","1","1","0","30","15","1.65","4760"
"506","화관 켄타우로스","10. 올림포스 신전","S","60.5","1","1","0","30","15","1.65","4760"
"507","쌍머리 사냥개","10. 올림포스 신전","S","60.5","1","1","0","30","15","1.65","4760"
"508","수금백조","10. 올림포스 신전","SS","1","1","2.86940581","18.6940581","66","30","2.4","5780"
"509","별빛키메라","10. 올림포스 신전","SS","1","1","2.86940581","18.6940581","66","30","2.4","5780"
"510","여명의 불사조","10. 올림포스 신전","SSS","1","86","1","0","150","75","3.4","6800"
"511","방울눈 젤리","11. 외계인 51구역","C","17.875","1","1.772377222","7.723772221","3","3","0.45","2700"
"512","컵귀달팽이","11. 외계인 51구역","C","17.875","1","1.772377222","7.723772221","3","3","0.45","2700"
"513","발바닥 슬라임","11. 외계인 51구역","C","17.875","1","1.772377222","7.723772221","3","3","0.45","2700"
"514","안테나새우","11. 외계인 51구역","C","17.875","1","1.772377222","7.723772221","3","3","0.45","2700"
"515","젤리알 벌레","11. 외계인 51구역","C","17.875","1","1.772377222","7.723772221","3","3","0.45","2700"
"516","흡착지렁이","11. 외계인 51구역","B","28","28","1","0","6","3","0.7","4320"
"517","투명배 햄스터","11. 외계인 51구역","B","28","28","1","0","6","3","0.7","4320"
"518","유리뿔 사슴","11. 외계인 51구역","B","28","28","1","0","6","3","0.7","4320"
"519","날개눈 카멜레온","11. 외계인 51구역","B","28","28","1","0","6","3","0.7","4320"
"520","배양통 펭귄","11. 외계인 51구역","B","28","28","1","0","6","3","0.7","4320"
"521","공생꽃 거북","11. 외계인 51구역","A","1","38.125","1.940566766","9.405667659","15","6","1.05","5940"
"522","촉수갈기 말","11. 외계인 51구역","A","1","38.125","1.940566766","9.405667659","15","6","1.05","5940"
"523","부유정원 가오리","11. 외계인 51구역","A","1","38.125","1.940566766","9.405667659","15","6","1.05","5940"
"524","여섯눈 박쥐","11. 외계인 51구역","S","95.5","1","1","0","30","15","1.65","7560"
"525","나선뼈 물고기","11. 외계인 51구역","S","95.5","1","1","0","30","15","1.65","7560"
"526","별집게 가재","11. 외계인 51구역","S","95.5","1","1","0","30","15","1.65","7560"
"527","접시등 코뿔소","11. 외계인 51구역","SS","1","1","3.068609161","20.68609161","66","30","2.4","9180"
"528","공명종 나방","11. 외계인 51구역","SS","1","1","3.068609161","20.68609161","66","30","2.4","9180"
"529","군체여왕","11. 외계인 51구역","SSS","1","136","1","0","150","75","3.4","10800"
"530","리벳참새","12. 스팀펑크 공중도시","C","27.875","1","1.871335287","8.713352867","3","3","0.45","4300"
"531","연통달팽이","12. 스팀펑크 공중도시","C","27.875","1","1.871335287","8.713352867","3","3","0.45","4300"
"532","장갑토끼","12. 스팀펑크 공중도시","C","27.875","1","1.871335287","8.713352867","3","3","0.45","4300"
"533","가죽모자 너구리","12. 스팀펑크 공중도시","C","27.875","1","1.871335287","8.713352867","3","3","0.45","4300"
"534","찻잔두꺼비","12. 스팀펑크 공중도시","C","27.875","1","1.871335287","8.713352867","3","3","0.45","4300"
"535","우편비둘기","12. 스팀펑크 공중도시","B","44","44","1","0","6","3","0.7","6880"
"536","풍압개구리","12. 스팀펑크 공중도시","B","44","44","1","0","6","3","0.7","6880"
"537","양산도마뱀","12. 스팀펑크 공중도시","B","44","44","1","0","6","3","0.7","6880"
"538","기압계 판다","12. 스팀펑크 공중도시","B","44","44","1","0","6","3","0.7","6880"
"539","수레고슴도치","12. 스팀펑크 공중도시","B","44","44","1","0","6","3","0.7","6880"
"540","가스등 반딧불","12. 스팀펑크 공중도시","A","1","60.125","2.040789225","10.40789225","15","6","1.05","9460"
"541","시계추 사슴","12. 스팀펑크 공중도시","A","1","60.125","2.040789225","10.40789225","15","6","1.05","9460"
"542","날개바퀴 악어","12. 스팀펑크 공중도시","A","1","60.125","2.040789225","10.40789225","15","6","1.05","9460"
"543","증기코뿔소","12. 스팀펑크 공중도시","S","151.5","1","1","0","30","15","1.65","12040"
"544","축음기 앵무새","12. 스팀펑크 공중도시","S","151.5","1","1","0","30","15","1.65","12040"
"545","열기구 해파리","12. 스팀펑크 공중도시","S","151.5","1","1","0","30","15","1.65","12040"
"546","천구의 백조","12. 스팀펑크 공중도시","SS","1","1","3.269810404","22.69810404","66","30","2.4","14620"
"547","비행선 사자","12. 스팀펑크 공중도시","SS","1","1","3.269810404","22.69810404","66","30","2.4","14620"
"548","비행요새 들소","12. 스팀펑크 공중도시","SSS","1","216","1","0","150","75","3.4","17200"
"549","눈덩이 햄스터","13. 영원의 빙하","C","43.5","1","1.969634237","9.696342367","4","4","0.45","6800"
"550","얼음콩 생쥐","13. 영원의 빙하","C","43.5","1","1.969634237","9.696342367","4","4","0.45","6800"
"551","성에참새","13. 영원의 빙하","C","43.5","1","1.969634237","9.696342367","4","4","0.45","6800"
"552","빙판도마뱀","13. 영원의 빙하","C","43.5","1","1.969634237","9.696342367","4","4","0.45","6800"
"553","눈모자 두꺼비","13. 영원의 빙하","C","43.5","1","1.969634237","9.696342367","4","4","0.45","6800"
"554","스키족제비","13. 영원의 빙하","B","69","69","1","0","8","4","0.7","10880"
"555","얼음등 달팽이","13. 영원의 빙하","B","69","69","1","0","8","4","0.7","10880"
"556","털장갑 원숭이","13. 영원의 빙하","B","69","69","1","0","8","4","0.7","10880"
"557","서리등 고슴도치","13. 영원의 빙하","B","69","69","1","0","8","4","0.7","10880"
"558","얼음낚시 너구리","13. 영원의 빙하","B","69","69","1","0","8","4","0.7","10880"
"559","방울썰매 강아지","13. 영원의 빙하","A","1","94.5","2.139882696","11.39882696","20","8","1.05","14960"
"560","빙정나비","13. 영원의 빙하","A","1","94.5","2.139882696","11.39882696","20","8","1.05","14960"
"561","눈삽두더지","13. 영원의 빙하","A","1","94.5","2.139882696","11.39882696","20","8","1.05","14960"
"562","빙산 바다코끼리","13. 영원의 빙하","S","239","1","1","0","40","20","1.65","19040"
"563","서리송곳니 살쾡이","13. 영원의 빙하","S","239","1","1","0","40","20","1.65","19040"
"564","흰가지 순록","13. 영원의 빙하","S","239","1","1","0","40","20","1.65","19040"
"565","눈폭풍 들소","13. 영원의 빙하","SS","1","1","3.468469697","24.68469697","88","40","2.4","23120"
"566","유빙범고래","13. 영원의 빙하","SS","1","1","3.468469697","24.68469697","88","40","2.4","23120"
"567","빙하왕 설인","13. 영원의 빙하","SSS","1","341","1","0","200","100","3.4","27200"
"568","도넛생쥐","14. 뒤죽박죽 꿈나라","C","68.5","1","2.069399859","10.69399859","4","4","0.45","10800"
"569","주머니 병아리","14. 뒤죽박죽 꿈나라","C","68.5","1","2.069399859","10.69399859","4","4","0.45","10800"
"570","단추눈 구름","14. 뒤죽박죽 꿈나라","C","68.5","1","2.069399859","10.69399859","4","4","0.45","10800"
"571","잠옷도마뱀","14. 뒤죽박죽 꿈나라","C","68.5","1","2.069399859","10.69399859","4","4","0.45","10800"
"572","이불달팽이","14. 뒤죽박죽 꿈나라","C","68.5","1","2.069399859","10.69399859","4","4","0.45","10800"
"573","계단기러기","14. 뒤죽박죽 꿈나라","B","109","109","1","0","8","4","0.7","17280"
"574","시계토끼","14. 뒤죽박죽 꿈나라","B","109","109","1","0","8","4","0.7","17280"
"575","꽃병너구리","14. 뒤죽박죽 꿈나라","B","109","109","1","0","8","4","0.7","17280"
"576","사탕우산 개구리","14. 뒤죽박죽 꿈나라","B","109","109","1","0","8","4","0.7","17280"
"577","편지물개","14. 뒤죽박죽 꿈나라","B","109","109","1","0","8","4","0.7","17280"
"578","무지개부리 앵무새","14. 뒤죽박죽 꿈나라","A","1","149.5","2.240158552","12.40158552","20","8","1.05","23760"
"579","책장속 악어","14. 뒤죽박죽 꿈나라","A","1","149.5","2.240158552","12.40158552","20","8","1.05","23760"
"580","양초문어","14. 뒤죽박죽 꿈나라","A","1","149.5","2.240158552","12.40158552","20","8","1.05","23760"
"581","별베개 판다","14. 뒤죽박죽 꿈나라","S","379","1","1","0","40","20","1.65","30240"
"582","풍선다리 사슴","14. 뒤죽박죽 꿈나라","S","379","1","1","0","40","20","1.65","30240"
"583","구름신발 타조","14. 뒤죽박죽 꿈나라","S","379","1","1","0","40","20","1.65","30240"
"584","찻주전자 하마","14. 뒤죽박죽 꿈나라","SS","1","1","3.669323572","26.69323572","88","40","2.4","36720"
"585","뒤집힌 공작","14. 뒤죽박죽 꿈나라","SS","1","1","3.669323572","26.69323572","88","40","2.4","36720"
"586","꿈보따리 맥","14. 뒤죽박죽 꿈나라","SSS","1","541","1","0","200","100","3.4","43200"
"587","녹슨못 벌레","15. 방사능 폐허","C","107.25","1","2.167570816","11.67570816","4","4","0.45","17000"
"588","깡통참새","15. 방사능 폐허","C","107.25","1","2.167570816","11.67570816","4","4","0.45","17000"
"589","이끼슬라임","15. 방사능 폐허","C","107.25","1","2.167570816","11.67570816","4","4","0.45","17000"
"590","금속씨앗쥐","15. 방사능 폐허","C","107.25","1","2.167570816","11.67570816","4","4","0.45","17000"
"591","버섯등 도마뱀","15. 방사능 폐허","C","107.25","1","2.167570816","11.67570816","4","4","0.45","17000"
"592","폐타이어 거북","15. 방사능 폐허","B","171","171","1","0","8","4","0.7","27200"
"593","필터햄스터","15. 방사능 폐허","B","171","171","1","0","8","4","0.7","27200"
"594","폐지여우","15. 방사능 폐허","B","171","171","1","0","8","4","0.7","27200"
"595","수도꼭지 오리","15. 방사능 폐허","B","171","171","1","0","8","4","0.7","27200"
"596","안전모 비버","15. 방사능 폐허","B","171","171","1","0","8","4","0.7","27200"
"597","재활용 펭귄","15. 방사능 폐허","A","1","234.75","2.338647471","13.38647471","20","8","1.05","37400"
"598","경고등 매미","15. 방사능 폐허","A","1","234.75","2.338647471","13.38647471","20","8","1.05","37400"
"599","온실나비","15. 방사능 폐허","A","1","234.75","2.338647471","13.38647471","20","8","1.05","37400"
"600","포자산양","15. 방사능 폐허","S","596","1","1","0","40","20","1.65","47600"
"601","전선꼬리 표범","15. 방사능 폐허","S","596","1","1","0","40","20","1.65","47600"
"602","철근등 악어","15. 방사능 폐허","S","596","1","1","0","40","20","1.65","47600"
"603","버섯갈기 사자","15. 방사능 폐허","SS","1","1","3.866489244","28.66489244","88","40","2.4","57800"
"604","정화수 하마","15. 방사능 폐허","SS","1","1","3.866489244","28.66489244","88","40","2.4","57800"
"605","철꽃 거인","15. 방사능 폐허","SSS","1","851","1","0","200","100","3.4","68000"
"606","빵부스러기 개미","16. 곤충 소인국","C","169.75","1","2.267897987","12.67897987","4","4","0.45","27000"
"607","해바라기씨 바구미","16. 곤충 소인국","C","169.75","1","2.267897987","12.67897987","4","4","0.45","27000"
"608","연잎소금쟁이","16. 곤충 소인국","C","169.75","1","2.267897987","12.67897987","4","4","0.45","27000"
"609","풀잎대벌레","16. 곤충 소인국","C","169.75","1","2.267897987","12.67897987","4","4","0.45","27000"
"610","꽃가루 진딧물","16. 곤충 소인국","C","169.75","1","2.267897987","12.67897987","4","4","0.45","27000"
"611","밤껍질 노래기","16. 곤충 소인국","B","271","271","1","0","8","4","0.7","43200"
"612","도토리 귀뚜라미","16. 곤충 소인국","B","271","271","1","0","8","4","0.7","43200"
"613","리본거미","16. 곤충 소인국","B","271","271","1","0","8","4","0.7","43200"
"614","나뭇진 반딧불","16. 곤충 소인국","B","271","271","1","0","8","4","0.7","43200"
"615","풀씨하늘소","16. 곤충 소인국","B","271","271","1","0","8","4","0.7","43200"
"616","꽃잎방패 노린재","16. 곤충 소인국","A","1","372.25","2.439180441","14.39180441","20","8","1.05","59400"
"617","이슬컵 나방","16. 곤충 소인국","A","1","372.25","2.439180441","14.39180441","20","8","1.05","59400"
"618","난초사마귀","16. 곤충 소인국","A","1","372.25","2.439180441","14.39180441","20","8","1.05","59400"
"619","수로물방개","16. 곤충 소인국","S","946","1","1","0","40","20","1.65","75600"
"620","비취보석벌","16. 곤충 소인국","S","946","1","1","0","40","20","1.65","75600"
"621","낙엽방아깨비","16. 곤충 소인국","S","946","1","1","0","40","20","1.65","75600"
"622","왕실비단 나비","16. 곤충 소인국","SS","1","1","4.067676569","30.67676569","88","40","2.4","91800"
"623","뿌리집 지네","16. 곤충 소인국","SS","1","1","4.067676569","30.67676569","88","40","2.4","91800"
"624","꽃궁전 여왕개미","16. 곤충 소인국","SSS","1","1351","1","0","200","100","3.4","108000"
"625","나사토끼","17. 고철 로봇행성","C","269.75","1","2.368960087","13.68960087","5","5","0.45","43000"
"626","기판개구리","17. 고철 로봇행성","C","269.75","1","2.368960087","13.68960087","5","5","0.45","43000"
"627","캔뚜껑 펭귄","17. 고철 로봇행성","C","269.75","1","2.368960087","13.68960087","5","5","0.45","43000"
"628","퓨즈딱정벌레","17. 고철 로봇행성","C","269.75","1","2.368960087","13.68960087","5","5","0.45","43000"
"629","전선도롱뇽","17. 고철 로봇행성","C","269.75","1","2.368960087","13.68960087","5","5","0.45","43000"
"630","청소솔 햄스터","17. 고철 로봇행성","B","431","431","1","0","10","5","0.7","68800"
"631","스패너 가재","17. 고철 로봇행성","B","431","431","1","0","10","5","0.7","68800"
"632","폐건반 뱀","17. 고철 로봇행성","B","431","431","1","0","10","5","0.7","68800"
"633","경첩박쥐","17. 고철 로봇행성","B","431","431","1","0","10","5","0.7","68800"
"634","안전등 달팽이","17. 고철 로봇행성","B","431","431","1","0","10","5","0.7","68800"
"635","톱날너구리","17. 고철 로봇행성","A","1","592.25","2.540372989","15.40372989","25","10","1.05","94600"
"636","컨베이어 개미","17. 고철 로봇행성","A","1","592.25","2.540372989","15.40372989","25","10","1.05","94600"
"637","라디에이터 양","17. 고철 로봇행성","A","1","592.25","2.540372989","15.40372989","25","10","1.05","94600"
"638","압축기 코뿔소","17. 고철 로봇행성","S","1506","1","1","0","50","25","1.65","120400"
"639","수리공 원숭이","17. 고철 로봇행성","S","1506","1","1","0","50","25","1.65","120400"
"640","광선깃 공작","17. 고철 로봇행성","S","1506","1","1","0","50","25","1.65","120400"
"641","위성접시 사슴","17. 고철 로봇행성","SS","1","1","4.27013853","32.7013853","110","50","2.4","146200"
"642","발전기 하마","17. 고철 로봇행성","SS","1","1","4.27013853","32.7013853","110","50","2.4","146200"
"643","굴착요새 전갈","17. 고철 로봇행성","SSS","1","2151","1","0","250","125","3.4","172000"
"644","달돌생쥐","18. 은하수 천문대","C","426","1","2.468577042","14.68577042","5","5","0.45","68000"
"645","별씨참새","18. 은하수 천문대","C","426","1","2.468577042","14.68577042","5","5","0.45","68000"
"646","유성달팽이","18. 은하수 천문대","C","426","1","2.468577042","14.68577042","5","5","0.45","68000"
"647","혜성도롱뇽","18. 은하수 천문대","C","426","1","2.468577042","14.68577042","5","5","0.45","68000"
"648","운석개구리","18. 은하수 천문대","C","426","1","2.468577042","14.68577042","5","5","0.45","68000"
"649","우주모자 너구리","18. 은하수 천문대","B","681","681","1","0","10","5","0.7","108800"
"650","별시계 토끼","18. 은하수 천문대","B","681","681","1","0","10","5","0.7","108800"
"651","은하조개","18. 은하수 천문대","B","681","681","1","0","10","5","0.7","108800"
"652","고리꿀벌","18. 은하수 천문대","B","681","681","1","0","10","5","0.7","108800"
"653","달빛가재","18. 은하수 천문대","B","681","681","1","0","10","5","0.7","108800"
"654","관측렌즈 카멜레온","18. 은하수 천문대","A","1","936","2.640070979","16.40070979","25","10","1.05","149600"
"655","별지도 거북","18. 은하수 천문대","A","1","936","2.640070979","16.40070979","25","10","1.05","149600"
"656","성운나비","18. 은하수 천문대","A","1","936","2.640070979","16.40070979","25","10","1.05","149600"
"657","북극성 늑대","18. 은하수 천문대","S","2381","1","1","0","50","25","1.65","190400"
"658","유성우 공작","18. 은하수 천문대","S","2381","1","1","0","50","25","1.65","190400"
"659","천체기린","18. 은하수 천문대","S","2381","1","1","0","50","25","1.65","190400"
"660","행성등 코끼리","18. 은하수 천문대","SS","1","1","4.469582229","34.69582229","110","50","2.4","231200"
"661","새벽별 백조","18. 은하수 천문대","SS","1","1","4.469582229","34.69582229","110","50","2.4","231200"
"662","별바다 해마","18. 은하수 천문대","SSS","1","3401","1","0","250","125","3.4","272000"
"663","검은씨앗","19. 공허의 틈","C","676","1","2.569187408","15.69187408","5","5","0.45","108000"
"664","빈주머니 생쥐","19. 공허의 틈","C","676","1","2.569187408","15.69187408","5","5","0.45","108000"
"665","갈라진 조개","19. 공허의 틈","C","676","1","2.569187408","15.69187408","5","5","0.45","108000"
"666","먹빛도마뱀","19. 공허의 틈","C","676","1","2.569187408","15.69187408","5","5","0.45","108000"
"667","흰가면 참새","19. 공허의 틈","C","676","1","2.569187408","15.69187408","5","5","0.45","108000"
"668","접힌 사슴벌레","19. 공허의 틈","B","1081","1081","1","0","10","5","0.7","172800"
"669","끊어진 달팽이","19. 공허의 틈","B","1081","1081","1","0","10","5","0.7","172800"
"670","그림자 병아리","19. 공허의 틈","B","1081","1081","1","0","10","5","0.7","172800"
"671","빛구멍 두더지","19. 공허의 틈","B","1081","1081","1","0","10","5","0.7","172800"
"672","반쪽양","19. 공허의 틈","B","1081","1081","1","0","10","5","0.7","172800"
"673","빈액자 공작","19. 공허의 틈","A","1","1486","2.74073301","17.4073301","25","10","1.05","237600"
"674","침묵나비","19. 공허의 틈","A","1","1486","2.74073301","17.4073301","25","10","1.05","237600"
"675","틈바늘 전갈","19. 공허의 틈","A","1","1486","2.74073301","17.4073301","25","10","1.05","237600"
"676","역행기린","19. 공허의 틈","S","3781","1","1","0","50","25","1.65","302400"
"677","검은별 성게","19. 공허의 틈","S","3781","1","1","0","50","25","1.65","302400"
"678","봉인된 고릴라","19. 공허의 틈","S","3781","1","1","0","50","25","1.65","302400"
"679","무영의 말","19. 공허의 틈","SS","1","1","4.670936702","36.70936702","110","50","2.4","367200"
"680","공백날개 올빼미","19. 공허의 틈","SS","1","1","4.670936702","36.70936702","110","50","2.4","367200"
"681","경계거인","19. 공허의 틈","SSS","1","5401","1","0","250","125","3.4","432000"
"682","흙씨앗 정령","20. 창조주의 정원","C","1063.5","1","2.667884128","16.67884128","5","5","0.45","170000"
"683","물결참새","20. 창조주의 정원","C","1063.5","1","2.667884128","16.67884128","5","5","0.45","170000"
"684","잎맥도마뱀","20. 창조주의 정원","C","1063.5","1","2.667884128","16.67884128","5","5","0.45","170000"
"685","햇살달팽이","20. 창조주의 정원","C","1063.5","1","2.667884128","16.67884128","5","5","0.45","170000"
"686","꽃잎생쥐","20. 창조주의 정원","C","1063.5","1","2.667884128","16.67884128","5","5","0.45","170000"
"687","구름빚는 두더지","20. 창조주의 정원","B","1701","1701","1","0","10","5","0.7","272000"
"688","이슬실 거미","20. 창조주의 정원","B","1701","1701","1","0","10","5","0.7","272000"
"689","나뭇결 비버","20. 창조주의 정원","B","1701","1701","1","0","10","5","0.7","272000"
"690","꽃가루 펭귄","20. 창조주의 정원","B","1701","1701","1","0","10","5","0.7","272000"
"691","무지개조개","20. 창조주의 정원","B","1701","1701","1","0","10","5","0.7","272000"
"692","계절옷 너구리","20. 창조주의 정원","A","1","2338.5","2.839461779","18.39461779","25","10","1.05","374000"
"693","강줄기 악어","20. 창조주의 정원","A","1","2338.5","2.839461779","18.39461779","25","10","1.05","374000"
"694","빛조각 부엉이","20. 창조주의 정원","A","1","2338.5","2.839461779","18.39461779","25","10","1.05","374000"
"695","열매가지 코끼리","20. 창조주의 정원","S","5951","1","1","0","50","25","1.65","476000"
"696","산들바람 기린","20. 창조주의 정원","S","5951","1","1","0","50","25","1.65","476000"
"697","구름바퀴 양","20. 창조주의 정원","S","5951","1","1","0","50","25","1.65","476000"
"698","일출날개 그리핀","20. 창조주의 정원","SS","1","1","4.8684131","38.684131","110","50","2.4","578000"
"699","사계절 공작","20. 창조주의 정원","SS","1","1","4.8684131","38.684131","110","50","2.4","578000"
"700","첫빛 유니콘","20. 창조주의 정원","SSS","1","8501","1","0","250","125","3.4","680000"
"701","새벽꽃 수호룡","1. 몽글 초원","Secret","1","1","1.11422431","1.1422431","150","100","6.5","24"
"702","왕관태엽 기린","2. 장난감 왕국","Secret","1","1","1.204623295","2.046232949","150","100","6.5","48"
"703","진주왕관 해룡","3. 심해 산호숲","Secret","1","1","1.328166125","3.281661252","150","100","6.5","90"
"704","흑요불꽃 불사조","4. 화산 대장간","Secret","1","1","1.750032884","7.500328842","150","100","6.5","368"
"705","자정서고 올빼미","5. 유령 학교","Secret","1","1","1.959007452","9.590074515","300","200","6.5","644"
"706","오로라회로 구미호","6. 네온 사이버시티","Secret","1","1","2.173147308","11.73147308","300","200","6.5","1104"
"707","황금일식 스핑크스","7. 황금 사막왕국","Secret","1","1","2.383614521","13.83614521","300","200","6.5","1840"
"708","호박화석 티라노","8. 태초의 공룡섬","Secret","1","1","2.587954282","15.87954282","300","200","6.5","2990"
"709","월광비단 해태","9. 도깨비 달마을","Secret","1","1","2.792400275","17.92400275","450","300","6.5","4830"
"710","천공왕관 페가수스","10. 올림포스 신전","Secret","1","1","2.999455168","19.99455168","450","300","6.5","7820"
"711","성운촉수 탐사룡","11. 외계인 51구역","Secret","1","1","3.199229475","21.99229475","450","300","6.5","12420"
"712","황동천익 그리핀","12. 스팀펑크 공중도시","Secret","1","1","3.400794496","24.00794496","450","300","6.5","19780"
"713","극광서리 백호","13. 영원의 빙하","Secret","1","1","3.599680506","25.99680506","600","400","6.5","31280"
"714","별사탕 꿈고래","14. 뒤죽박죽 꿈나라","Secret","1","1","3.80067922","28.0067922","600","400","6.5","49680"
"715","정화포자 기린","15. 방사능 폐허","Secret","1","1","3.997934856","29.97934856","600","400","6.5","78200"
"716","왕관날개 요정나비","16. 곤충 소인국","Secret","1","1","4.199180287","31.99180287","600","400","6.5","124200"
"717","백금심장 기계룡","17. 고철 로봇행성","Secret","1","1","4.401679031","34.01679031","750","500","6.5","197800"
"718","별궤도 유니콘","18. 은하수 천문대","Secret","1","1","4.60114556","36.0114556","750","500","6.5","312800"
"719","차원왕관 공허룡","19. 공허의 틈","Secret","1","1","4.802514581","38.02514581","750","500","6.5","496800"
"720","첫빛생명 세계룡","20. 창조주의 정원","Secret","1","1","5","40","750","500","6.5","782000"
